pid,uid,description
9893,403391,finger task purpose potatoes mine ground pain capital pink remove organization plate species queen chance national please now ride certain another handle garage hard
178873,280359,aware outer captured love railroad church student beautiful particularly well day want depend strange exercise book journey changing tribe plane earth body wait fought
969863,699970,general value adventure characteristic thousand wonder offer describe call practice lady slept itself handle receive noise wait afraid gate again measure verb officer environment
996307,280359,apart wood house package single lie basis strong manner radio won writing organization frog camera bark afternoon depth comfortable friendly pride naturally me taken
179529,484630,suddenly chart driver team extra accurate trouble exist doing sky solid fox per task enough ancient wild hit fifteen business information claws pair solution
455235,725512,lying leather her darkness outside got process characteristic vessels radio aboard closer empty hardly my per slipped theory useful quickly work down labor now
802244,592909,underline down excitement doctor foot eaten pound afraid moment body smell copper born battle garage sheet potatoes where major flight develop tower ice become
96101,99290,nearly enter slow rhyme eleven official clothes met poetry knowledge policeman printed later cup specific money jump having scared day quick dream principle slip
322361,884666,step split origin happened equipment plenty bigger group apart invented audience hole teeth he drive speak clothes music ring future evidence copy zoo report
274176,753233,broad chart straw due might shut silk grain sell president refused worried development soldier was orbit cat thin by each across faster orange again
65747,974396,flight spend change structure consider syllable farm told some passage camp control whenever motion lost were studied week surface composition helpful satellites follow chair
963536,464107,clock ahead straight hunter gun step fourth review consider accurate property what clothing old husband rest struggle band sides health having practical fly sick
235596,481133,rush origin giant pink driver fierce join pattern had tall definition explain shot between cake protection duck finish science enemy still dream police television
147423,884666,treated passage solve glass should movie hung clay sister blind relationship involved shut environment his examine behind half happened zero heavy slave pay small
413696,728761,street partly rise cat write home opposite hair laugh neighbor army earn dawn joined account imagine tribe hearing square poet especially closely officer fuel
94870,753233,dangerous construction south ahead condition solution cat review again accident meant shallow relationship firm bend farther also article school slabs jump been interest silver
597942,812889,cook cut review knew connected fact hollow bottle hair will outer sang construction cannot end rubber friend wheel eleven prove carefully building eaten note
691927,757662,went held process operation young dull discovery pretty although thumb tired mill caught course shinning love real count stage space replace force meant influence
32094,599734,element proper mud including various tea began memory pocket pet driven average desert come aloud naturally noun opinion case rubbed right week am owner
905059,699970,audience ran want daily whispered involved double old rocky poet smallest fine throughout square rope tight worried already needs than interior nobody chicken machine
922154,464107,wet teach chapter discover grown butter further might interest class weigh division child below natural slipped earn railroad review cat garden plain hope whole
365312,659570,allow able middle those nor general ran chapter pair excitement let part substance closer plane folks unhappy trap curious honor drawn recognize minute copper
749841,102822,shall equator touch truth printed children write tomorrow catch elephant labor outline headed entire model drawn struggle police bridge school both old to cannot
708351,546736,leader airplane bottle floating against escape shadow chair kids quick feed fellow frighten medicine whether through victory indeed return being audience pleasant period whole
950254,699970,political brave needed whistle cast scared shut luck industry wrong support build stuck eventually happened process path teacher seems fruit doctor gate research deep
743146,723993,jump deeply case property given passage settle greater mathematics instead sent donkey thank occur aware work family bare cell mountain draw court cross per
600412,723993,week doctor longer current no loud early wherever doll opinion brain substance wrote coal peace company protection suggest month oil acres think rule neighborhood
898489,592909,find finish slope agree private voice gently kept castle comfortable circus introduced practice ride handsome end bread high able welcome hot loose square seen
382124,481133,different spread accept fun selection accurate bell object settle connected forget so activity pile science same steam spent massage tropical close whale hunt cent
152549,891069,driven plan swimming within under steep mix lucky stopped wear living search taste solid water wore forgot subject jar rain welcome voyage eight frighten
600247,755745,duty prove guide moment dream said motion stuck higher except tomorrow fruit rhythm half car queen firm exact particles information picture factor blanket behavior
272030,884666,walk area having clear pound breath card palace guess eight least not far state damage health plate friendly metal depend deal village valley nose
442710,280359,crop garden are sport rush put dried stared we source compound label got join mathematics specific world bright title this tube while sleep could
568105,99290,car brass save shoot toward excited spirit fly government entirely swept lesson report aware express highest brave nearly gold frog cell letter massage tightly