uid,username,hashword,salt
757662,May Tate,005CA5147FF9512B8DD25E46AA5F98088142228DCB9BAFFC6AB49BEE60AFBF0C,u+BEctuPTIb0BAc50A1gsJG0XVu6N8iOG0oqqQW0KZe2mFhvXsfIoLnz5vnOk618
3026,Rosetta Carpenter,6E9E5C6F18CA08793D2DB76639BBA3DE930AA88388092790C8ADE38D20ECE1D7,+9DqUZKm9skr78jLp7owjUt4xaqXyKQRuFtTG3gEzBplnYa6j8K1pMrBhdQHF46/
725512,Emilie Boyd,DC582FFFCF847EC0DC3A7FE9E7DC88FDC171154E2425C4DEA409BC9EE3CC3F51,ivZk9uOY+A72sfrRAfLy02sdXVUZe7p+UnyUcpQzGjlVcG6JE4zFjxj0G2XP3WOE
24386,Norman Wade,740FA9F2F8CC3759392937A7FC7BDC8284ABFF765B14B91CD0698BAFFFBC09BC,OasPg+syFMaQ9hsWqcnvMl3fvbDltQu7oI794snZ/LNyJGBYSobLm61TIEzJrKFJ
497425,Elizabeth Ryan,D5FF9414E271627F42D2D5E2938F657E8DC3D66420FDF98D7DFF8209CDF215B7,PsExtIXlr0J+Dd7TZg9uVqRkZskWS8mRRxPbWisqT2XuDe8TlSYTbEl8LG+G/4sx
481133,Lucas Hanson,22EC987A34F46FE4A4E829063E8BF0B40B1FBD5B7EF6D577A8B89DE246705393,ZqzPcGdVepgDjBxuY1dBl916YQHPA6W02d1J/Ek13XaVkr3NaaSuB1xxQcVUuJ+R
592909,Brian Haynes,34AC373353C85A481F208C0A751E4561BCC1E7C252F0F8E73AFE3562BA0583FF,fv8xh4yaaufVI0ZpnaGDObWXFBoKz+rauQoOT1twLsBQOByG15h/o4cnvCqCW7vK
657226,Landon McKenzie,3379ECA1ABF4EB55D87D86CC7B5271E8ED0D91927473C2A02CC765E2A15D309F,cJxU8w4qbXmS3kHeLHr+uj1lnFTT9qs65pdBst0qA4JaYajfqwrw2HSQkyLRlEyQ
874026,Lydia Robertson,4FF073F9C958488FDB50F0CC595793C308B910E51C79BD8BD3E7D04910E96723,aO2O8zyKyjCVya4cdONckUtmUVLGseAPOzCDNn02z2lXKSyv7qZziezHDSDusZwa
935817,Richard McDonald,4AA6AC25B35325A2268EBF1447DF0322E9367EE3776909628565192A42013743,/C0vLdl/klYR8iLLqw+VXbQiwR3nwsPyDZEP7aoTp6j8Exrc/KVefdo4BWuFqP+5
884666,Billy Hicks,57DFAE6C33BBF39C0DC846786D0A5C0EBEF46C11FC2AD658E9BBAD37013AD598,vM5UlC32teaguMLdZGFbRfvNIgKlfiu/b2XAGHr4dKwTKsshzMfe/lR2vVdbEp12
511440,Christine Snyder,245BD8C4462BBE009C137EF461F37FA33BE5D1721D2915096B3ADCEF8F385E30,jfK5DJVXuCYv7Ig8wkC4I3wdpKY1wzzc2dJgJ7r3hEc22N3mglwjYw8Yj7jshAxb
812889,John Mathis,44751D8C192F47D07097F1F35CEC88334ED4A8F2B002AEE06C8F4D5B54B34AD0,K55tVIjJ2xDiAsq4CS4g9/TDkGnLJmuJ2XPQqyjt/znTGjpGsu/X08XyttCtgWMi
792881,Elsie Berry,A2C50BC2722E01EBDFF53F5FFB724E1365189CAEB6D5BBFA92B0DDDB3CFFBD5E,xAEcsVL/RnTNoFvITj+XbX97VkUpZtwPlnOAiGGAebGWJeTVWzWSh1CwxZw4EptS
875886,Sadie Wood,412F132AD8314E3A0963686B524DA0A6FFBEC52147AEE793DA72DA68D350F886,4M7KrA58y6TaLVHp2RUVk6APqHeePmBv1RRn3RWPCxTwXZEry6hCkrRALLL3NhqS
788335,Francis Dawson,6A5646D3643510F37B0B4159D568F984D0EF6F3E47695729B3637E6724AB059C,12reFeu3l6b1inp1XmlkQ0sKtYnj+gAzCQq8HcNWujFdk0zKfa8LtdlYz6KMmJJH
918909,Jimmy Lucas,2FCD5B94EBA6BA6F371511D1243CCA1699C0B28EE1FC46464FE62EEC0D00E491,4+TBJTb/mgcyKixIIn3bfp//Ab+m1pXZ2z6asp3UoTf97bWSe0+olPnpgFe9HqpN
314748,Essie Moreno,1B618F31739FEB02979DCA4DBF90F630DB69A073AB4BF92571E31140A197BA73,bBUsd141DAGSvovWmw2MIchVEWt7nm2E6SjBQe+Q6Dmn4fyNMqGFrxlu/y3DYfdF
280359,Jerry Higgins,DC248D7ADFB9A48584F191B3F6372B6ABDB7BA6897430F2FBFF918FE2E880C42,feCMJLaA1s47yZrX8fPAl80iZQO+YVPH4LfFh6xqP7O7Q2Pd2hjCRbRo1HtJFEId
891069,Johnny Grant,0430E51BC60FBDC2FADD1FB6C7AFC7507CB4BEF86A6C390B1F1205E4B797A41B,Um4v+nDon8uUbfsrtFRZsZuEpcGPCYHK54/jKSUqSFGo1Cg50FM/pIPKqsh51g3O
546736,Andre Lewis,7B80E6D9819B046D100782D48437E9772B66AB030919857B453DEF6C4EBB646E,TaXDlT+e8cxqf/TybW1iCXdrjBQzUKe95MHTecsVfJJ1gi8MghMUp2iJP8e1pa21
753233,Olga Myers,6573DFF09E3E05C20471D393B5F09654E0C10E1A2339FF90B8A4C88A3011BA55,7extNVLaguTrjk5nDsXiN2dm8S5vKfvoOsc8lW/mjwk3ZuatKewVBeSbzvBOk/Dw
755745,Lena Maldonado,134460E17F1E62EA89036297000D2D0A6A5C2A398EC51592AE64B3E4C348066B,qrh8GH+0pTJCRJTIIcpXBYd0752tuY3Mu7T6wCgwvBicV2pywrFVZ+mhYw65J14H
188997,Lelia Ballard,7273E9E0838B08219F4C56FDCB6950538860E08560A1507B46BFB6C72609327D,XDYJi9IRnEFIiDKBWDdMg/nnEGD8JsowNNy+20hG3CqvrrO12w1OC0LWX+JwJpiX
723993,Steven Ramos,8A3EC23E8A128A40A88FA9671777A5CCB3681376A0F82A35F693A20C9C91AB33,HyIaB+/KRP//mWUl4Op4AGq/lUAYywXgOlFDiB+yQFGRXEavIqtLZlhiYzM+n9pf
232641,Helen Lane,554E00EAD3863DF7682AD2729894F7374D654D8FBF5A214778C08DEDC1988B85,Z3bKw6L9e4naJQfBuxOA5d3xd4RITcKm4zmZ1/rmCpLPfjebRgrNUG1WNshZHMj9
464107,Adele Wallace,B642D5099D3E56BCE7D2F6D4B369586F63E9285AF9E48C78A7D2B01168B34491,poVMkhz9AstLgiQQj/Vi5WNfEv9tgSf4GUrHlVodkAUMqkJNuFn05OOesL0l5AW4
974396,Helen Miller,38F24F00A8E4110566EE567221684DED5258B1D7BA991AE54F575CB749D812AB,OnhFDJdTtUxu12xNXTdE80AeRxqEQr4olNQ4LKa6Wa4Do3Di9ISRYy9GXyAJ0G7L
463301,Inez Kelly,489E4AB57D307D43BABBDA7178063A9CCDC457E1FD758192C6189620909B39C8,ZUr7Ve++n/dytJWmLkiOmGQpcCl3UzNCmWLReDEVUrdYDMb6ZZwnpMqALZgTQciv
122997,Logan Newman,0685D2B715F79438CC80E024D255C7D46C6780F710804703D6CA4CE53E9158EE,lEcSKYJMXQ8MDEurAx2IU9wtgkKy1IAdEEBidm5Rpvhu3WLyMVunh9sDVUdNPlyD
314895,Myra Cain,CCB87912272AD40AB490C0AEF81C99764D39B645A82A927604678F7E213F1983,w1f/oXlDN22xQ3Ue1WrHZaNgmFFCnoUAXcGH/CG15rBT7I/lQ5eLEvvNetvmliEx
599734,Bernard Olson,F5D0F1668317BF83633BE2DCB91F1A0C70490E5B5680CBF324600DB56E85740B,NIEevII8inYiemIRRdxNJTWBZD11Tg2Kqzr0uCaWRXkwVNbEN6wX2Xf2Ac7aaGLr
728761,Lydia Payne,67A7E9E624BE3982E3BAC9A8D05CE7473C7788E1E06CC1935FBC3D3ED10041A3,C0PranP79tNOXu5jySebvtP92x5uh+W0WlKD4MOLl0m1GYX8oDgwOBaZbRi+nec/
891160,Kate Roberts,59F491DC8B11CCFC68F240C5CD1FF4C68F80042AA4AB082974A70FE317AAFC01,UYrqoJSzI2ELzAp+2Hx/XGFlwrdFAM1yzYA8/mZaAqtfrglPI2NbRkvmFJKcSanW
713263,Lena Hughes,C9907EF04082442B13F95E588B7AD426AFB231334BC779443BABD9F9E32DF84E,VKiwFw5+8FQbkicOlv/oCJss6aIcsSlaFXosGJOIM3fsXU46HqmwBuysMLRlIUbm
659570,Effie Dennis,757C376B1DA3F1B08EF6E2955A688557F016ADBF5CB500AED081C15E2C5BA260,TDgxZzVMonDPZycd8L0YFj+nXuKNPGpmsi+sRdZORrPN5jT6EnsQCR4OclqCWXw7
803834,Ian Davidson,1759DD69522930C5DDB42ADDCAB97FB6F243FA83EE244C76EC98A0EA95F4E56E,8IhAV/+chWGaTAgiOp0S6mUNuGV5fBUZUpRptl64IpgGrM1rP33JwodxjgO6xd6W
403391,Edwin Coleman,2A309CE042713F71BA9CCBB89C40FA4FF2A7BF4A6EE0D8E6DCD01491D9537BFE,7fHXHYpde0SR4Apx1o0B+GRzQBFOoobplTyiF3rsqzVSQRPanVzUnMoJ/uMf1hBr
197997,Howard Rhodes,5BB9B1A02DFBA31921F20639EE285163A918AAC112B4FB97D6EA176E15D0F2A3,VASbiXgYNfCu+0eqNqezQbkV2RS/LGRizVU80tHg7FkFC4gFsi1I8bDyJGDsv8ej
430671,Chad Lindsey,A3EFE536E7BB39F34AE37F94AFC7A94B761F883C8F6C32C87109664DABC516FD,AFsJLkcNbtDKJE3uhJnK/y3Qf2dOTIoXEyp0JGGMP9L0exuK+auMt/s+17pjn0sw
713867,Andre Peterson,6B2344073C16ECAC41FA8A49B31AB9108E7679607A136ABCBCCFCD5FAA7E4D35,7ey34fleuYfGxa0tZCEij5m1vZ2BuAfG9x8m1l/fu7CRfa6ZDuwYv4go5FiP+YuS
623716,Scott Curry,918643AA7771EBC0B5C1B78B982D64A57607DFACA3A6415CCA264A2D950E902E,RjBZQy1c5KxZ+fTT+whEmoX4GpXU1r/4Ushlp4ZxKIkRxnyGSscNM/QQQghOntbX
205392,Scott Ramos,43527A56AC3690B84130F567227019C9FD76D73F03D9A81A41E40BFDF19245B4,Fx0GKFB8Vw/AKXvxINzbg8PHfd2Rgsu0tzWFd0gGPsZ1PhEakD4KliouMlGGJrLH
356611,Jeff Briggs,85C7D54621137EDC78E0B980E809C7DD4E952721D5292F7A7E04C7A8BD27C17F,NImmeJAmE1+IQf6Cskyrg0z4Mo756Nhls7Q9TKw3IvbVlnjD9bbEMs28cx0JXs/1
99290,Clyde Crawford,3236DE755DC0F569CA39C177ECA47357966678994ED271F7DDE7C28A5FC038D0,bNLhWjP0u7av350rPyONG881CI+PIbFHfFz9HP2g08bIHP11FJ8I0wxxHBNCKaL0
484630,Virgie Wheeler,91FF49CF5FEF8B65D81914924392B0585B25FB0E5D636F83D1F27EAF10A5BB06,KpC1PBR1CXUHMxkuC8CmVoC6qumT6EZG7JWATxroqZH+EazI5i49QpK+j3tZP37G
699970,Leonard Ingram,C5C6F44DE55FE9E27F3E485B51DECD240115FCA442A9A3F73BDB78240537F881,AJIVDd4NZ0un2cSvReRa2KY7KXvOclXWvEbwbaT44knPk1E7+wLkifrjWYPenfD/
251770,Cornelia Holland,CEBE6388759C76DB2300FB4884842FCEA41A5B8259DF2741BA39943B1F197665,HXVJvE+qvUe5xwdKtKp593fzT5qQctQ7z42fa6/0lML5bp5PO9FDsHjXbcKSIPHE
102822,Tillie King,E08B99DC790CCD4378DEFD332A2F18D683972B6EFAF14D1D03D72F5AD8A6F3D7,6WvMTl7/TAHhfQsxRudZf1xCzXVxR5z5tBRM0hAA9fMwG9iwDQ+EiEU7o7aF0BZ4